{
  "config": {
    "trials": 8,
    "pool_trials": 8,
    "pool_rollouts": 240,
    "n_bootstrap": 2,
    "train_seeds": [
      0,
      1,
      2
    ],
    "eval_seeds": [
      0,
      1,
      2
    ]
  },
  "vanilla_curve": [
    93.2440463897699,
    75.40542138087638,
    75.40539626223462,
    70.4251627033834,
    70.12095626321654,
    64.65779597566195,
    62.791700239277155,
    61.52826658845743
  ],
  "warm_start_curve": [
    72.93789341776942,
    69.19608735961931,
    65.19473379705525,
    64.75807354484867,
    64.65209747281988,
    62.293807802011564,
    62.28900621741902,
    61.18314651952843
  ],
  "gate_k": 8,
  "verdict": "FAIL",
  "rows": [
    {
      "num_targets": 7,
      "duration_steps": 20,
      "clutter_rate": 2.0,
      "maneuver_intensity": 0.3,
      "detection_probability": 0.9,
      "seed": 0,
      "vanilla_best_so_far": [
        79.8514762970618,
        77.29142220502492,
        77.29142220502492,
        77.29142220502492,
        77.29142220502492,
        72.91944944951075,
        72.91944944951075,
        72.91944944951075
      ],
      "warm_start_best_so_far": [
        72.91944944951075,
        72.91944944951075,
        72.91898052761161,
        72.91898052761161,
        72.91898052761161,
        66.85695436198188,
        66.85695436198188,
        66.85695436198188
      ],
      "contextual_one_shot": 72.91944944951075,
      "default": 77.8977112284445
    },
    {
      "num_targets": 7,
      "duration_steps": 20,
      "clutter_rate": 2.0,
      "maneuver_intensity": 0.3,
      "detection_probability": 0.9,
      "seed": 1,
      "vanilla_best_so_far": [
        79.79071391843439,
        74.80224090038823,
        74.80206419345978,
        52.889713381323304,
        52.889713381323304,
        50.59520737596922,
        50.59520737596922,
        45.920026271036214
      ],
      "warm_start_best_so_far": [
        50.5993987711707,
        50.5993987711707,
        50.5993987711707,
        50.5993987711707,
        50.59878359886129,
        50.59878359886129,
        50.59878359886129,
        48.833119482775956
      ],
      "contextual_one_shot": 50.5993987711707,
      "default": 58.67047223563801
    },
    {
      "num_targets": 7,
      "duration_steps": 20,
      "clutter_rate": 2.0,
      "maneuver_intensity": 0.3,
      "detection_probability": 0.9,
      "seed": 2,
      "vanilla_best_so_far": [
        74.55695673112054,
        73.43252248960596,
        73.43252248960596,
        73.43252248960596,
        73.43252248960596,
        73.43252248960596,
        68.19076658808908,
        68.19076658808908
      ],
      "warm_start_best_so_far": [
        83.58205116325964,
        74.55695673112055,
        73.43364926632312,
        68.19746868868883,
        68.19746868868883,
        68.19746868868883,
        68.19477020075475,
        68.19076658808908
      ],
      "contextual_one_shot": 83.58205116325964,
      "default": 74.55649930169892
    },
    {
      "num_targets": 9,
      "duration_steps": 20,
      "clutter_rate": 4.0,
      "maneuver_intensity": 0.3,
      "detection_probability": 0.9,
      "seed": 0,
      "vanilla_best_so_far": [
        91.35752688779802,
        83.6994603210417,
        83.6994603210417,
        83.6994603210417,
        83.6994603210417,
        74.45080962031001,
        74.45080962031001,
        74.45080962031001
      ],
      "warm_start_best_so_far": [
        91.015428082463,
        91.015428082463,
        85.91265412684395,
        85.91265412684395,
        85.91265412684395,
        85.91265412684395,
        85.91265412684395,
        74.43894996163955
      ],
      "contextual_one_shot": 91.015428082463,
      "default": 84.36732944599514
    },
    {
      "num_targets": 9,
      "duration_steps": 20,
      "clutter_rate": 4.0,
      "maneuver_intensity": 0.3,
      "detection_probability": 0.9,
      "seed": 1,
      "vanilla_best_so_far": [
        92.45211359742883,
        92.45211359742883,
        92.45211359742883,
        92.45211359742883,
        88.80163631542634,
        88.80163631542634,
        88.80056383612586,
        88.79910564524107
      ],
      "warm_start_best_so_far": [
        95.2151827086334,
        92.45211359742883,
        92.45143271071996,
        92.45143271071996,
        92.45143271071996,
        83.42701270340193,
        83.42701270340193,
        83.42701270340193
      ],
      "contextual_one_shot": 95.2151827086334,
      "default": 88.80284252545728
    },
    {
      "num_targets": 9,
      "duration_steps": 20,
      "clutter_rate": 4.0,
      "maneuver_intensity": 0.3,
      "detection_probability": 0.9,
      "seed": 2,
      "vanilla_best_so_far": [
        103.6735829350185,
        82.67464389954137,
        82.67464389954137,
        82.67464389954137,
        82.67464389954137,
        56.09509277399353,
        56.09060856277804,
        56.08198913986614
      ],
      "warm_start_best_so_far": [
        56.09881725648638,
        56.09881725648638,
        56.09881725648638,
        56.098198851106034,
        56.098198851106034,
        56.098198851106034,
        56.08198913986613,
        56.08198913986613
      ],
      "contextual_one_shot": 56.09881725648638,
      "default": 100.65625940717942
    },
    {
      "num_targets": 10,
      "duration_steps": 20,
      "clutter_rate": 8.0,
      "maneuver_intensity": 0.5,
      "detection_probability": 0.9,
      "seed": 0,
      "vanilla_best_so_far": [
        147.10441871525666,
        59.71062323275335,
        59.71062323275335,
        59.71062323275335,
        59.71062323275335,
        59.71062323275335,
        59.71062323275335,
        59.71062323275335
      ],
      "warm_start_best_so_far": [
        59.70226002394644,
        59.70226002394644,
        59.70226002394644,
        59.70226002394644,
        59.70226002394644,
        59.70226002394644,
        59.70226002394644,
        59.70226002394644
      ],
      "contextual_one_shot": 59.70226002394644,
      "default": 135.76563970016056
    },
    {
      "num_targets": 10,
      "duration_steps": 20,
      "clutter_rate": 8.0,
      "maneuver_intensity": 0.5,
      "detection_probability": 0.9,
      "seed": 1,
      "vanilla_best_so_far": [
        108.71153899653336,
        108.71153899653336,
        108.71153899653336,
        74.08009250830584,
        74.08009250830584,
        74.08009250830584,
        74.08009250830584,
        74.08009250830584
      ],
      "warm_start_best_so_far": [
        126.94612280399605,
        108.71153899653336,
        91.45367968768659,
        91.45367968768659,
        90.21069819880091,
        90.2106981988009,
        90.2106981988009,
        90.2106981988009
      ],
      "contextual_one_shot": 126.94612280399605,
      "default": 108.42945122503473
    },
    {
      "num_targets": 10,
      "duration_steps": 20,
      "clutter_rate": 8.0,
      "maneuver_intensity": 0.5,
      "detection_probability": 0.9,
      "seed": 2,
      "vanilla_best_so_far": [
        87.41685235973834,
        59.99196958046612,
        59.99196958046612,
        59.99196958046612,
        59.99196958046612,
        59.99196958046612,
        59.99196958046612,
        59.99196958046612
      ],
      "warm_start_best_so_far": [
        102.29577770673328,
        87.41685235973833,
        62.9106379416602,
        62.9106379416602,
        62.9106379416602,
        62.90114316941365,
        62.86243235347733,
        62.86243235347733
      ],
      "contextual_one_shot": 102.29577770673328,
      "default": 87.41588257127256
    },
    {
      "num_targets": 8,
      "duration_steps": 20,
      "clutter_rate": 3.0,
      "maneuver_intensity": 1.0,
      "detection_probability": 0.9,
      "seed": 0,